"","Du","Dr","Dt","De"
"1",2015-12-25,2015-12-01,2015-12-01,2015-12-25
"2",2015-12-01,2014-02-15,2015-12-25,2017-01-01
"3",2017-01-01,2014-02-26,2014-02-15,2014-02-25
"4",2017-01-04,2014-02-25,2014-10-09,2015-12-01
"5",2014-02-15,2017-01-01,2014-02-25,2016-12-21
"6",2016-12-21,2015-12-25,2017-01-01,2014-10-09
"7",2016-12-20,2015-01-15,2016-12-21,2014-01-16
"8",2014-01-16,2016-12-21,2014-10-10,2014-10-25
"9",2014-02-25,2014-01-16,2014-10-25,2015-01-15
"10",2015-11-30,2016-03-04,2017-01-04,2016-12-20
