Parameter,Date (LST),Year,Month,Day,Hour,Value,Unit,Duration,QC Name
PM2.5,2013-12-01 00:00,2013,12,1,0,28,µg/m³,1 Hr,Valid
PM2.5,2013-12-01 01:00,2013,12,1,1,36,µg/m³,1 Hr,Valid
PM2.5,2013-12-01 02:00,2013,12,1,2,46,µg/m³,1 Hr,Valid
PM2.5,2013-12-01 03:00,2013,12,1,3,57,µg/m³,1 Hr,Valid
PM2.5,2013-12-01 04:00,2013,12,1,4,60,µg/m³,1 Hr,Valid
PM2.5,2013-12-01 05:00,2013,12,1,5,90,µg/m³,1 Hr,Valid
PM2.5,2013-12-01 06:00,2013,12,1,6,99,µg/m³,1 Hr,Valid
PM2.5,2013-12-01 07:00,2013,12,1,7,125,µg/m³,1 Hr,Valid
PM2.5,2013-12-01 08:00,2013,12,1,8,101,µg/m³,1 Hr,Valid
PM2.5,2013-12-01 09:00,2013,12,1,9,93,µg/m³,1 Hr,Valid
PM2.5,2013-12-01 10:00,2013,12,1,10,69,µg/m³,1 Hr,Valid
PM2.5,2013-12-01 11:00,2013,12,1,11,43,µg/m³,1 Hr,Valid
PM2.5,2013-12-01 12:00,2013,12,1,12,38,µg/m³,1 Hr,Valid
PM2.5,2013-12-01 13:00,2013,12,1,13,44,µg/m³,1 Hr,Valid
PM2.5,2013-12-01 14:00,2013,12,1,14,62,µg/m³,1 Hr,Valid
PM2.5,2013-12-01 15:00,2013,12,1,15,83,µg/m³,1 Hr,Valid
PM2.5,2013-12-01 16:00,2013,12,1,16,80,µg/m³,1 Hr,Valid
PM2.5,2013-12-01 17:00,2013,12,1,17,63,µg/m³,1 Hr,Valid
PM2.5,2013-12-01 18:00,2013,12,1,18,102,µg/m³,1 Hr,Valid
PM2.5,2013-12-01 19:00,2013,12,1,19,130,µg/m³,1 Hr,Valid
PM2.5,2013-12-01 20:00,2013,12,1,20,154,µg/m³,1 Hr,Valid
PM2.5,2013-12-01 21:00,2013,12,1,21,135,µg/m³,1 Hr,Valid
PM2.5,2013-12-01 22:00,2013,12,1,22,134,µg/m³,1 Hr,Valid
PM2.5,2013-12-01 23:00,2013,12,1,23,161,µg/m³,1 Hr,Valid
PM2.5,2013-12-02 00:00,2013,12,2,0,219,µg/m³,1 Hr,Valid
PM2.5,2013-12-02 01:00,2013,12,2,1,202,µg/m³,1 Hr,Valid
PM2.5,2013-12-02 02:00,2013,12,2,2,138,µg/m³,1 Hr,Valid
PM2.5,2013-12-02 03:00,2013,12,2,3,107,µg/m³,1 Hr,Valid
PM2.5,2013-12-02 04:00,2013,12,2,4,84,µg/m³,1 Hr,Valid
PM2.5,2013-12-02 05:00,2013,12,2,5,97,µg/m³,1 Hr,Valid
PM2.5,2013-12-02 06:00,2013,12,2,6,109,µg/m³,1 Hr,Valid
PM2.5,2013-12-02 07:00,2013,12,2,7,140,µg/m³,1 Hr,Valid
PM2.5,2013-12-02 08:00,2013,12,2,8,69,µg/m³,1 Hr,Valid
PM2.5,2013-12-02 09:00,2013,12,2,9,76,µg/m³,1 Hr,Valid
PM2.5,2013-12-02 10:00,2013,12,2,10,77,µg/m³,1 Hr,Valid
PM2.5,2013-12-02 11:00,2013,12,2,11,87,µg/m³,1 Hr,Valid
PM2.5,2013-12-02 12:00,2013,12,2,12,96,µg/m³,1 Hr,Valid
PM2.5,2013-12-02 13:00,2013,12,2,13,88,µg/m³,1 Hr,Valid
PM2.5,2013-12-02 14:00,2013,12,2,14,71,µg/m³,1 Hr,Valid
PM2.5,2013-12-02 15:00,2013,12,2,15,93,µg/m³,1 Hr,Valid
PM2.5,2013-12-02 16:00,2013,12,2,16,117,µg/m³,1 Hr,Valid
PM2.5,2013-12-02 17:00,2013,12,2,17,138,µg/m³,1 Hr,Valid
PM2.5,2013-12-02 18:00,2013,12,2,18,190,µg/m³,1 Hr,Valid
PM2.5,2013-12-02 19:00,2013,12,2,19,197,µg/m³,1 Hr,Valid
PM2.5,2013-12-02 20:00,2013,12,2,20,213,µg/m³,1 Hr,Valid
PM2.5,2013-12-02 21:00,2013,12,2,21,211,µg/m³,1 Hr,Valid
PM2.5,2013-12-02 22:00,2013,12,2,22,226,µg/m³,1 Hr,Valid
PM2.5,2013-12-02 23:00,2013,12,2,23,233,µg/m³,1 Hr,Valid
PM2.5,2013-12-03 00:00,2013,12,3,0,225,µg/m³,1 Hr,Valid
PM2.5,2013-12-03 01:00,2013,12,3,1,159,µg/m³,1 Hr,Valid
PM2.5,2013-12-03 02:00,2013,12,3,2,115,µg/m³,1 Hr,Valid
PM2.5,2013-12-03 03:00,2013,12,3,3,87,µg/m³,1 Hr,Valid
PM2.5,2013-12-03 04:00,2013,12,3,4,73,µg/m³,1 Hr,Valid
PM2.5,2013-12-03 05:00,2013,12,3,5,60,µg/m³,1 Hr,Valid
PM2.5,2013-12-03 06:00,2013,12,3,6,74,µg/m³,1 Hr,Valid
PM2.5,2013-12-03 07:00,2013,12,3,7,82,µg/m³,1 Hr,Valid
PM2.5,2013-12-03 08:00,2013,12,3,8,73,µg/m³,1 Hr,Valid
PM2.5,2013-12-03 09:00,2013,12,3,9,50,µg/m³,1 Hr,Valid
PM2.5,2013-12-03 10:00,2013,12,3,10,56,µg/m³,1 Hr,Valid
PM2.5,2013-12-03 11:00,2013,12,3,11,48,µg/m³,1 Hr,Valid
PM2.5,2013-12-03 12:00,2013,12,3,12,33,µg/m³,1 Hr,Valid
PM2.5,2013-12-03 13:00,2013,12,3,13,30,µg/m³,1 Hr,Valid
PM2.5,2013-12-03 14:00,2013,12,3,14,28,µg/m³,1 Hr,Valid
PM2.5,2013-12-03 15:00,2013,12,3,15,30,µg/m³,1 Hr,Valid
PM2.5,2013-12-03 16:00,2013,12,3,16,33,µg/m³,1 Hr,Valid
PM2.5,2013-12-03 17:00,2013,12,3,17,46,µg/m³,1 Hr,Valid
PM2.5,2013-12-03 18:00,2013,12,3,18,74,µg/m³,1 Hr,Valid
PM2.5,2013-12-03 19:00,2013,12,3,19,136,µg/m³,1 Hr,Valid
PM2.5,2013-12-03 20:00,2013,12,3,20,152,µg/m³,1 Hr,Valid
PM2.5,2013-12-03 21:00,2013,12,3,21,159,µg/m³,1 Hr,Valid
PM2.5,2013-12-03 22:00,2013,12,3,22,164,µg/m³,1 Hr,Valid
PM2.5,2013-12-03 23:00,2013,12,3,23,167,µg/m³,1 Hr,Valid
PM2.5,2013-12-04 00:00,2013,12,4,0,180,µg/m³,1 Hr,Valid
PM2.5,2013-12-04 01:00,2013,12,4,1,187,µg/m³,1 Hr,Valid
PM2.5,2013-12-04 02:00,2013,12,4,2,163,µg/m³,1 Hr,Valid
PM2.5,2013-12-04 03:00,2013,12,4,3,185,µg/m³,1 Hr,Valid
PM2.5,2013-12-04 04:00,2013,12,4,4,159,µg/m³,1 Hr,Valid
PM2.5,2013-12-04 05:00,2013,12,4,5,139,µg/m³,1 Hr,Valid
PM2.5,2013-12-04 06:00,2013,12,4,6,151,µg/m³,1 Hr,Valid
PM2.5,2013-12-04 07:00,2013,12,4,7,113,µg/m³,1 Hr,Valid
PM2.5,2013-12-04 08:00,2013,12,4,8,137,µg/m³,1 Hr,Valid
PM2.5,2013-12-04 09:00,2013,12,4,9,92,µg/m³,1 Hr,Valid
PM2.5,2013-12-04 10:00,2013,12,4,10,71,µg/m³,1 Hr,Valid
PM2.5,2013-12-04 11:00,2013,12,4,11,73,µg/m³,1 Hr,Valid
PM2.5,2013-12-04 12:00,2013,12,4,12,68,µg/m³,1 Hr,Valid
PM2.5,2013-12-04 13:00,2013,12,4,13,47,µg/m³,1 Hr,Valid
PM2.5,2013-12-04 14:00,2013,12,4,14,41,µg/m³,1 Hr,Valid
PM2.5,2013-12-04 15:00,2013,12,4,15,43,µg/m³,1 Hr,Valid
PM2.5,2013-12-04 16:00,2013,12,4,16,56,µg/m³,1 Hr,Valid
PM2.5,2013-12-04 17:00,2013,12,4,17,69,µg/m³,1 Hr,Valid
PM2.5,2013-12-04 18:00,2013,12,4,18,83,µg/m³,1 Hr,Valid
PM2.5,2013-12-04 19:00,2013,12,4,19,130,µg/m³,1 Hr,Valid
PM2.5,2013-12-04 20:00,2013,12,4,20,175,µg/m³,1 Hr,Valid
PM2.5,2013-12-04 21:00,2013,12,4,21,155,µg/m³,1 Hr,Valid
PM2.5,2013-12-04 22:00,2013,12,4,22,106,µg/m³,1 Hr,Valid
PM2.5,2013-12-04 23:00,2013,12,4,23,83,µg/m³,1 Hr,Valid
PM2.5,2013-12-05 00:00,2013,12,5,0,122,µg/m³,1 Hr,Valid
PM2.5,2013-12-05 01:00,2013,12,5,1,162,µg/m³,1 Hr,Valid
PM2.5,2013-12-05 02:00,2013,12,5,2,142,µg/m³,1 Hr,Valid
PM2.5,2013-12-05 03:00,2013,12,5,3,70,µg/m³,1 Hr,Valid
PM2.5,2013-12-05 04:00,2013,12,5,4,33,µg/m³,1 Hr,Valid
PM2.5,2013-12-05 05:00,2013,12,5,5,25,µg/m³,1 Hr,Valid
PM2.5,2013-12-05 06:00,2013,12,5,6,39,µg/m³,1 Hr,Valid
PM2.5,2013-12-05 07:00,2013,12,5,7,33,µg/m³,1 Hr,Valid
PM2.5,2013-12-05 08:00,2013,12,5,8,27,µg/m³,1 Hr,Valid
PM2.5,2013-12-05 09:00,2013,12,5,9,25,µg/m³,1 Hr,Valid
PM2.5,2013-12-05 10:00,2013,12,5,10,12,µg/m³,1 Hr,Valid
PM2.5,2013-12-05 11:00,2013,12,5,11,9,µg/m³,1 Hr,Valid
PM2.5,2013-12-05 12:00,2013,12,5,12,10,µg/m³,1 Hr,Valid
PM2.5,2013-12-05 13:00,2013,12,5,13,11,µg/m³,1 Hr,Valid
PM2.5,2013-12-05 14:00,2013,12,5,14,11,µg/m³,1 Hr,Valid
PM2.5,2013-12-05 15:00,2013,12,5,15,13,µg/m³,1 Hr,Valid
PM2.5,2013-12-05 16:00,2013,12,5,16,17,µg/m³,1 Hr,Valid
PM2.5,2013-12-05 17:00,2013,12,5,17,32,µg/m³,1 Hr,Valid
PM2.5,2013-12-05 18:00,2013,12,5,18,62,µg/m³,1 Hr,Valid
PM2.5,2013-12-05 19:00,2013,12,5,19,42,µg/m³,1 Hr,Valid
PM2.5,2013-12-05 20:00,2013,12,5,20,59,µg/m³,1 Hr,Valid
PM2.5,2013-12-05 21:00,2013,12,5,21,66,µg/m³,1 Hr,Valid
PM2.5,2013-12-05 22:00,2013,12,5,22,77,µg/m³,1 Hr,Valid
PM2.5,2013-12-05 23:00,2013,12,5,23,84,µg/m³,1 Hr,Valid
PM2.5,2013-12-06 00:00,2013,12,6,0,91,µg/m³,1 Hr,Valid
PM2.5,2013-12-06 01:00,2013,12,6,1,112,µg/m³,1 Hr,Valid
PM2.5,2013-12-06 02:00,2013,12,6,2,130,µg/m³,1 Hr,Valid
PM2.5,2013-12-06 03:00,2013,12,6,3,139,µg/m³,1 Hr,Valid
PM2.5,2013-12-06 04:00,2013,12,6,4,155,µg/m³,1 Hr,Valid
PM2.5,2013-12-06 05:00,2013,12,6,5,163,µg/m³,1 Hr,Valid
PM2.5,2013-12-06 06:00,2013,12,6,6,141,µg/m³,1 Hr,Valid
PM2.5,2013-12-06 07:00,2013,12,6,7,182,µg/m³,1 Hr,Valid
PM2.5,2013-12-06 08:00,2013,12,6,8,138,µg/m³,1 Hr,Valid
PM2.5,2013-12-06 09:00,2013,12,6,9,119,µg/m³,1 Hr,Valid
PM2.5,2013-12-06 10:00,2013,12,6,10,135,µg/m³,1 Hr,Valid
PM2.5,2013-12-06 11:00,2013,12,6,11,159,µg/m³,1 Hr,Valid
PM2.5,2013-12-06 12:00,2013,12,6,12,122,µg/m³,1 Hr,Valid
PM2.5,2013-12-06 13:00,2013,12,6,13,81,µg/m³,1 Hr,Valid
PM2.5,2013-12-06 14:00,2013,12,6,14,167,µg/m³,1 Hr,Valid
PM2.5,2013-12-06 15:00,2013,12,6,15,246,µg/m³,1 Hr,Valid
PM2.5,2013-12-06 16:00,2013,12,6,16,224,µg/m³,1 Hr,Valid
PM2.5,2013-12-06 17:00,2013,12,6,17,115,µg/m³,1 Hr,Valid
PM2.5,2013-12-06 18:00,2013,12,6,18,124,µg/m³,1 Hr,Valid
PM2.5,2013-12-06 19:00,2013,12,6,19,152,µg/m³,1 Hr,Valid
PM2.5,2013-12-06 20:00,2013,12,6,20,170,µg/m³,1 Hr,Valid
PM2.5,2013-12-06 21:00,2013,12,6,21,269,µg/m³,1 Hr,Valid
PM2.5,2013-12-06 22:00,2013,12,6,22,294,µg/m³,1 Hr,Valid
PM2.5,2013-12-06 23:00,2013,12,6,23,330,µg/m³,1 Hr,Valid
PM2.5,2013-12-07 00:00,2013,12,7,0,407,µg/m³,1 Hr,Valid
PM2.5,2013-12-07 01:00,2013,12,7,1,430,µg/m³,1 Hr,Valid
PM2.5,2013-12-07 02:00,2013,12,7,2,415,µg/m³,1 Hr,Valid
PM2.5,2013-12-07 03:00,2013,12,7,3,343,µg/m³,1 Hr,Valid
PM2.5,2013-12-07 04:00,2013,12,7,4,320,µg/m³,1 Hr,Valid
PM2.5,2013-12-07 05:00,2013,12,7,5,244,µg/m³,1 Hr,Valid
PM2.5,2013-12-07 06:00,2013,12,7,6,197,µg/m³,1 Hr,Valid
PM2.5,2013-12-07 07:00,2013,12,7,7,172,µg/m³,1 Hr,Valid
PM2.5,2013-12-07 08:00,2013,12,7,8,156,µg/m³,1 Hr,Valid
PM2.5,2013-12-07 09:00,2013,12,7,9,166,µg/m³,1 Hr,Valid
PM2.5,2013-12-07 10:00,2013,12,7,10,203,µg/m³,1 Hr,Valid
PM2.5,2013-12-07 11:00,2013,12,7,11,277,µg/m³,1 Hr,Valid
PM2.5,2013-12-07 12:00,2013,12,7,12,290,µg/m³,1 Hr,Valid
PM2.5,2013-12-07 13:00,2013,12,7,13,366,µg/m³,1 Hr,Valid
PM2.5,2013-12-07 14:00,2013,12,7,14,392,µg/m³,1 Hr,Valid
PM2.5,2013-12-07 15:00,2013,12,7,15,421,µg/m³,1 Hr,Valid
PM2.5,2013-12-07 16:00,2013,12,7,16,450,µg/m³,1 Hr,Valid
PM2.5,2013-12-07 17:00,2013,12,7,17,443,µg/m³,1 Hr,Valid
PM2.5,2013-12-07 18:00,2013,12,7,18,429,µg/m³,1 Hr,Valid
PM2.5,2013-12-07 19:00,2013,12,7,19,439,µg/m³,1 Hr,Valid
PM2.5,2013-12-07 20:00,2013,12,7,20,460,µg/m³,1 Hr,Valid
PM2.5,2013-12-07 21:00,2013,12,7,21,480,µg/m³,1 Hr,Valid
PM2.5,2013-12-07 22:00,2013,12,7,22,424,µg/m³,1 Hr,Valid
PM2.5,2013-12-07 23:00,2013,12,7,23,440,µg/m³,1 Hr,Valid
PM2.5,2013-12-08 00:00,2013,12,8,0,403,µg/m³,1 Hr,Valid
PM2.5,2013-12-08 01:00,2013,12,8,1,403,µg/m³,1 Hr,Valid
PM2.5,2013-12-08 02:00,2013,12,8,2,389,µg/m³,1 Hr,Valid
PM2.5,2013-12-08 03:00,2013,12,8,3,432,µg/m³,1 Hr,Valid
PM2.5,2013-12-08 04:00,2013,12,8,4,432,µg/m³,1 Hr,Valid
PM2.5,2013-12-08 05:00,2013,12,8,5,435,µg/m³,1 Hr,Valid
PM2.5,2013-12-08 06:00,2013,12,8,6,403,µg/m³,1 Hr,Valid
PM2.5,2013-12-08 07:00,2013,12,8,7,379,µg/m³,1 Hr,Valid
PM2.5,2013-12-08 08:00,2013,12,8,8,346,µg/m³,1 Hr,Valid
PM2.5,2013-12-08 09:00,2013,12,8,9,354,µg/m³,1 Hr,Valid
PM2.5,2013-12-08 10:00,2013,12,8,10,343,µg/m³,1 Hr,Valid
PM2.5,2013-12-08 11:00,2013,12,8,11,266,µg/m³,1 Hr,Valid
PM2.5,2013-12-08 12:00,2013,12,8,12,206,µg/m³,1 Hr,Valid
PM2.5,2013-12-08 13:00,2013,12,8,13,184,µg/m³,1 Hr,Valid
PM2.5,2013-12-08 14:00,2013,12,8,14,47,µg/m³,1 Hr,Valid
PM2.5,2013-12-08 15:00,2013,12,8,15,13,µg/m³,1 Hr,Valid
PM2.5,2013-12-08 16:00,2013,12,8,16,15,µg/m³,1 Hr,Valid
PM2.5,2013-12-08 17:00,2013,12,8,17,15,µg/m³,1 Hr,Valid
PM2.5,2013-12-08 18:00,2013,12,8,18,17,µg/m³,1 Hr,Valid
PM2.5,2013-12-08 19:00,2013,12,8,19,11,µg/m³,1 Hr,Valid
PM2.5,2013-12-08 20:00,2013,12,8,20,15,µg/m³,1 Hr,Valid
PM2.5,2013-12-08 21:00,2013,12,8,21,12,µg/m³,1 Hr,Valid
PM2.5,2013-12-08 22:00,2013,12,8,22,14,µg/m³,1 Hr,Valid
PM2.5,2013-12-08 23:00,2013,12,8,23,12,µg/m³,1 Hr,Valid
PM2.5,2013-12-09 00:00,2013,12,9,0,8,µg/m³,1 Hr,Valid
PM2.5,2013-12-09 01:00,2013,12,9,1,8,µg/m³,1 Hr,Valid
PM2.5,2013-12-09 02:00,2013,12,9,2,6,µg/m³,1 Hr,Valid
PM2.5,2013-12-09 03:00,2013,12,9,3,7,µg/m³,1 Hr,Valid
PM2.5,2013-12-09 04:00,2013,12,9,4,8,µg/m³,1 Hr,Valid
PM2.5,2013-12-09 05:00,2013,12,9,5,8,µg/m³,1 Hr,Valid
PM2.5,2013-12-09 06:00,2013,12,9,6,8,µg/m³,1 Hr,Valid
PM2.5,2013-12-09 07:00,2013,12,9,7,11,µg/m³,1 Hr,Valid
PM2.5,2013-12-09 08:00,2013,12,9,8,12,µg/m³,1 Hr,Valid
PM2.5,2013-12-09 09:00,2013,12,9,9,11,µg/m³,1 Hr,Valid
PM2.5,2013-12-09 10:00,2013,12,9,10,11,µg/m³,1 Hr,Valid
PM2.5,2013-12-09 11:00,2013,12,9,11,9,µg/m³,1 Hr,Valid
PM2.5,2013-12-09 12:00,2013,12,9,12,17,µg/m³,1 Hr,Valid
PM2.5,2013-12-09 13:00,2013,12,9,13,12,µg/m³,1 Hr,Valid
PM2.5,2013-12-09 14:00,2013,12,9,14,12,µg/m³,1 Hr,Valid
PM2.5,2013-12-09 15:00,2013,12,9,15,10,µg/m³,1 Hr,Valid
PM2.5,2013-12-09 16:00,2013,12,9,16,14,µg/m³,1 Hr,Valid
PM2.5,2013-12-09 17:00,2013,12,9,17,12,µg/m³,1 Hr,Valid
PM2.5,2013-12-09 18:00,2013,12,9,18,19,µg/m³,1 Hr,Valid
PM2.5,2013-12-09 19:00,2013,12,9,19,20,µg/m³,1 Hr,Valid
PM2.5,2013-12-09 20:00,2013,12,9,20,55,µg/m³,1 Hr,Valid
PM2.5,2013-12-09 21:00,2013,12,9,21,68,µg/m³,1 Hr,Valid
PM2.5,2013-12-09 22:00,2013,12,9,22,58,µg/m³,1 Hr,Valid
PM2.5,2013-12-09 23:00,2013,12,9,23,63,µg/m³,1 Hr,Valid
PM2.5,2013-12-10 00:00,2013,12,10,0,52,µg/m³,1 Hr,Valid
PM2.5,2013-12-10 01:00,2013,12,10,1,44,µg/m³,1 Hr,Valid
PM2.5,2013-12-10 02:00,2013,12,10,2,60,µg/m³,1 Hr,Valid
PM2.5,2013-12-10 03:00,2013,12,10,3,64,µg/m³,1 Hr,Valid
PM2.5,2013-12-10 04:00,2013,12,10,4,44,µg/m³,1 Hr,Valid
PM2.5,2013-12-10 05:00,2013,12,10,5,38,µg/m³,1 Hr,Valid
PM2.5,2013-12-10 06:00,2013,12,10,6,41,µg/m³,1 Hr,Valid
PM2.5,2013-12-10 07:00,2013,12,10,7,29,µg/m³,1 Hr,Valid
PM2.5,2013-12-10 08:00,2013,12,10,8,32,µg/m³,1 Hr,Valid
PM2.5,2013-12-10 09:00,2013,12,10,9,41,µg/m³,1 Hr,Valid
PM2.5,2013-12-10 10:00,2013,12,10,10,53,µg/m³,1 Hr,Valid
PM2.5,2013-12-10 11:00,2013,12,10,11,24,µg/m³,1 Hr,Valid
PM2.5,2013-12-10 12:00,2013,12,10,12,16,µg/m³,1 Hr,Valid
PM2.5,2013-12-10 13:00,2013,12,10,13,14,µg/m³,1 Hr,Valid
PM2.5,2013-12-10 14:00,2013,12,10,14,8,µg/m³,1 Hr,Valid
PM2.5,2013-12-10 15:00,2013,12,10,15,9,µg/m³,1 Hr,Valid
PM2.5,2013-12-10 16:00,2013,12,10,16,8,µg/m³,1 Hr,Valid
PM2.5,2013-12-10 17:00,2013,12,10,17,10,µg/m³,1 Hr,Valid
PM2.5,2013-12-10 18:00,2013,12,10,18,13,µg/m³,1 Hr,Valid
PM2.5,2013-12-10 19:00,2013,12,10,19,11,µg/m³,1 Hr,Valid
PM2.5,2013-12-10 20:00,2013,12,10,20,7,µg/m³,1 Hr,Valid
PM2.5,2013-12-10 21:00,2013,12,10,21,14,µg/m³,1 Hr,Valid
PM2.5,2013-12-10 22:00,2013,12,10,22,13,µg/m³,1 Hr,Valid
PM2.5,2013-12-10 23:00,2013,12,10,23,9,µg/m³,1 Hr,Valid
PM2.5,2013-12-11 00:00,2013,12,11,0,8,µg/m³,1 Hr,Valid
PM2.5,2013-12-11 01:00,2013,12,11,1,6,µg/m³,1 Hr,Valid
PM2.5,2013-12-11 02:00,2013,12,11,2,6,µg/m³,1 Hr,Valid
PM2.5,2013-12-11 03:00,2013,12,11,3,5,µg/m³,1 Hr,Valid
PM2.5,2013-12-11 04:00,2013,12,11,4,11,µg/m³,1 Hr,Valid
PM2.5,2013-12-11 05:00,2013,12,11,5,9,µg/m³,1 Hr,Valid
PM2.5,2013-12-11 06:00,2013,12,11,6,8,µg/m³,1 Hr,Valid
PM2.5,2013-12-11 07:00,2013,12,11,7,23,µg/m³,1 Hr,Valid
PM2.5,2013-12-11 08:00,2013,12,11,8,10,µg/m³,1 Hr,Valid
PM2.5,2013-12-11 09:00,2013,12,11,9,16,µg/m³,1 Hr,Valid
PM2.5,2013-12-11 10:00,2013,12,11,10,30,µg/m³,1 Hr,Valid
PM2.5,2013-12-11 11:00,2013,12,11,11,35,µg/m³,1 Hr,Valid
PM2.5,2013-12-11 12:00,2013,12,11,12,33,µg/m³,1 Hr,Valid
PM2.5,2013-12-11 13:00,2013,12,11,13,33,µg/m³,1 Hr,Valid
PM2.5,2013-12-11 14:00,2013,12,11,14,17,µg/m³,1 Hr,Valid
PM2.5,2013-12-11 15:00,2013,12,11,15,29,µg/m³,1 Hr,Valid
PM2.5,2013-12-11 16:00,2013,12,11,16,31,µg/m³,1 Hr,Valid
PM2.5,2013-12-11 17:00,2013,12,11,17,34,µg/m³,1 Hr,Valid
PM2.5,2013-12-11 18:00,2013,12,11,18,40,µg/m³,1 Hr,Valid
PM2.5,2013-12-11 19:00,2013,12,11,19,75,µg/m³,1 Hr,Valid
PM2.5,2013-12-11 20:00,2013,12,11,20,55,µg/m³,1 Hr,Valid
PM2.5,2013-12-11 21:00,2013,12,11,21,76,µg/m³,1 Hr,Valid
PM2.5,2013-12-11 22:00,2013,12,11,22,89,µg/m³,1 Hr,Valid
PM2.5,2013-12-11 23:00,2013,12,11,23,60,µg/m³,1 Hr,Valid
PM2.5,2013-12-12 00:00,2013,12,12,0,47,µg/m³,1 Hr,Valid
PM2.5,2013-12-12 01:00,2013,12,12,1,53,µg/m³,1 Hr,Valid
PM2.5,2013-12-12 02:00,2013,12,12,2,61,µg/m³,1 Hr,Valid
PM2.5,2013-12-12 03:00,2013,12,12,3,48,µg/m³,1 Hr,Valid
PM2.5,2013-12-12 04:00,2013,12,12,4,14,µg/m³,1 Hr,Valid
PM2.5,2013-12-12 05:00,2013,12,12,5,39,µg/m³,1 Hr,Valid
PM2.5,2013-12-12 06:00,2013,12,12,6,23,µg/m³,1 Hr,Valid
PM2.5,2013-12-12 07:00,2013,12,12,7,10,µg/m³,1 Hr,Valid
PM2.5,2013-12-12 08:00,2013,12,12,8,11,µg/m³,1 Hr,Valid
PM2.5,2013-12-12 09:00,2013,12,12,9,10,µg/m³,1 Hr,Valid
PM2.5,2013-12-12 10:00,2013,12,12,10,9,µg/m³,1 Hr,Valid
PM2.5,2013-12-12 11:00,2013,12,12,11,12,µg/m³,1 Hr,Valid
PM2.5,2013-12-12 12:00,2013,12,12,12,8,µg/m³,1 Hr,Valid
PM2.5,2013-12-12 13:00,2013,12,12,13,6,µg/m³,1 Hr,Valid
PM2.5,2013-12-12 14:00,2013,12,12,14,13,µg/m³,1 Hr,Valid
PM2.5,2013-12-12 15:00,2013,12,12,15,10,µg/m³,1 Hr,Valid
PM2.5,2013-12-12 16:00,2013,12,12,16,8,µg/m³,1 Hr,Valid
PM2.5,2013-12-12 17:00,2013,12,12,17,9,µg/m³,1 Hr,Valid
PM2.5,2013-12-12 18:00,2013,12,12,18,16,µg/m³,1 Hr,Valid
PM2.5,2013-12-12 19:00,2013,12,12,19,23,µg/m³,1 Hr,Valid
PM2.5,2013-12-12 20:00,2013,12,12,20,12,µg/m³,1 Hr,Valid
PM2.5,2013-12-12 21:00,2013,12,12,21,16,µg/m³,1 Hr,Valid
PM2.5,2013-12-12 22:00,2013,12,12,22,38,µg/m³,1 Hr,Valid
PM2.5,2013-12-12 23:00,2013,12,12,23,49,µg/m³,1 Hr,Valid
PM2.5,2013-12-13 00:00,2013,12,13,0,45,µg/m³,1 Hr,Valid
PM2.5,2013-12-13 01:00,2013,12,13,1,48,µg/m³,1 Hr,Valid
PM2.5,2013-12-13 02:00,2013,12,13,2,45,µg/m³,1 Hr,Valid
PM2.5,2013-12-13 03:00,2013,12,13,3,39,µg/m³,1 Hr,Valid
PM2.5,2013-12-13 04:00,2013,12,13,4,43,µg/m³,1 Hr,Valid
PM2.5,2013-12-13 05:00,2013,12,13,5,51,µg/m³,1 Hr,Valid
PM2.5,2013-12-13 06:00,2013,12,13,6,88,µg/m³,1 Hr,Valid
PM2.5,2013-12-13 07:00,2013,12,13,7,92,µg/m³,1 Hr,Valid
PM2.5,2013-12-13 08:00,2013,12,13,8,85,µg/m³,1 Hr,Valid
PM2.5,2013-12-13 09:00,2013,12,13,9,87,µg/m³,1 Hr,Valid
PM2.5,2013-12-13 10:00,2013,12,13,10,30,µg/m³,1 Hr,Valid
PM2.5,2013-12-13 11:00,2013,12,13,11,57,µg/m³,1 Hr,Valid
PM2.5,2013-12-13 12:00,2013,12,13,12,58,µg/m³,1 Hr,Valid
PM2.5,2013-12-13 13:00,2013,12,13,13,49,µg/m³,1 Hr,Valid
PM2.5,2013-12-13 14:00,2013,12,13,14,52,µg/m³,1 Hr,Valid
PM2.5,2013-12-13 15:00,2013,12,13,15,79,µg/m³,1 Hr,Valid
PM2.5,2013-12-13 16:00,2013,12,13,16,88,µg/m³,1 Hr,Valid
PM2.5,2013-12-13 17:00,2013,12,13,17,114,µg/m³,1 Hr,Valid
PM2.5,2013-12-13 18:00,2013,12,13,18,144,µg/m³,1 Hr,Valid
PM2.5,2013-12-13 19:00,2013,12,13,19,101,µg/m³,1 Hr,Valid
PM2.5,2013-12-13 20:00,2013,12,13,20,66,µg/m³,1 Hr,Valid
PM2.5,2013-12-13 21:00,2013,12,13,21,68,µg/m³,1 Hr,Valid
PM2.5,2013-12-13 22:00,2013,12,13,22,69,µg/m³,1 Hr,Valid
PM2.5,2013-12-13 23:00,2013,12,13,23,71,µg/m³,1 Hr,Valid
PM2.5,2013-12-14 00:00,2013,12,14,0,123,µg/m³,1 Hr,Valid
PM2.5,2013-12-14 01:00,2013,12,14,1,118,µg/m³,1 Hr,Valid
PM2.5,2013-12-14 02:00,2013,12,14,2,91,µg/m³,1 Hr,Valid
PM2.5,2013-12-14 03:00,2013,12,14,3,69,µg/m³,1 Hr,Valid
PM2.5,2013-12-14 04:00,2013,12,14,4,53,µg/m³,1 Hr,Valid
PM2.5,2013-12-14 05:00,2013,12,14,5,51,µg/m³,1 Hr,Valid
PM2.5,2013-12-14 06:00,2013,12,14,6,43,µg/m³,1 Hr,Valid
PM2.5,2013-12-14 07:00,2013,12,14,7,53,µg/m³,1 Hr,Valid
PM2.5,2013-12-14 08:00,2013,12,14,8,41,µg/m³,1 Hr,Valid
PM2.5,2013-12-14 09:00,2013,12,14,9,28,µg/m³,1 Hr,Valid
PM2.5,2013-12-14 10:00,2013,12,14,10,25,µg/m³,1 Hr,Valid
PM2.5,2013-12-14 11:00,2013,12,14,11,26,µg/m³,1 Hr,Valid
PM2.5,2013-12-14 12:00,2013,12,14,12,21,µg/m³,1 Hr,Valid
PM2.5,2013-12-14 13:00,2013,12,14,13,17,µg/m³,1 Hr,Valid
PM2.5,2013-12-14 14:00,2013,12,14,14,23,µg/m³,1 Hr,Valid
PM2.5,2013-12-14 15:00,2013,12,14,15,28,µg/m³,1 Hr,Valid
PM2.5,2013-12-14 16:00,2013,12,14,16,117,µg/m³,1 Hr,Valid
PM2.5,2013-12-14 17:00,2013,12,14,17,125,µg/m³,1 Hr,Valid
PM2.5,2013-12-14 18:00,2013,12,14,18,122,µg/m³,1 Hr,Valid
PM2.5,2013-12-14 19:00,2013,12,14,19,92,µg/m³,1 Hr,Valid
PM2.5,2013-12-14 20:00,2013,12,14,20,51,µg/m³,1 Hr,Valid
PM2.5,2013-12-14 21:00,2013,12,14,21,61,µg/m³,1 Hr,Valid
PM2.5,2013-12-14 22:00,2013,12,14,22,80,µg/m³,1 Hr,Valid
PM2.5,2013-12-14 23:00,2013,12,14,23,52,µg/m³,1 Hr,Valid
PM2.5,2013-12-15 00:00,2013,12,15,0,39,µg/m³,1 Hr,Valid
PM2.5,2013-12-15 01:00,2013,12,15,1,48,µg/m³,1 Hr,Valid
PM2.5,2013-12-15 02:00,2013,12,15,2,69,µg/m³,1 Hr,Valid
PM2.5,2013-12-15 03:00,2013,12,15,3,42,µg/m³,1 Hr,Valid
PM2.5,2013-12-15 04:00,2013,12,15,4,16,µg/m³,1 Hr,Valid
PM2.5,2013-12-15 05:00,2013,12,15,5,16,µg/m³,1 Hr,Valid
PM2.5,2013-12-15 06:00,2013,12,15,6,15,µg/m³,1 Hr,Valid
PM2.5,2013-12-15 07:00,2013,12,15,7,22,µg/m³,1 Hr,Valid
PM2.5,2013-12-15 08:00,2013,12,15,8,27,µg/m³,1 Hr,Valid
PM2.5,2013-12-15 09:00,2013,12,15,9,24,µg/m³,1 Hr,Valid
PM2.5,2013-12-15 10:00,2013,12,15,10,39,µg/m³,1 Hr,Valid
PM2.5,2013-12-15 11:00,2013,12,15,11,44,µg/m³,1 Hr,Valid
PM2.5,2013-12-15 12:00,2013,12,15,12,25,µg/m³,1 Hr,Valid
PM2.5,2013-12-15 13:00,2013,12,15,13,29,µg/m³,1 Hr,Valid
PM2.5,2013-12-15 14:00,2013,12,15,14,38,µg/m³,1 Hr,Valid
PM2.5,2013-12-15 15:00,2013,12,15,15,48,µg/m³,1 Hr,Valid
PM2.5,2013-12-15 16:00,2013,12,15,16,60,µg/m³,1 Hr,Valid
PM2.5,2013-12-15 17:00,2013,12,15,17,67,µg/m³,1 Hr,Valid
PM2.5,2013-12-15 18:00,2013,12,15,18,60,µg/m³,1 Hr,Valid
PM2.5,2013-12-15 19:00,2013,12,15,19,79,µg/m³,1 Hr,Valid
PM2.5,2013-12-15 20:00,2013,12,15,20,86,µg/m³,1 Hr,Valid
PM2.5,2013-12-15 21:00,2013,12,15,21,98,µg/m³,1 Hr,Valid
PM2.5,2013-12-15 22:00,2013,12,15,22,163,µg/m³,1 Hr,Valid
PM2.5,2013-12-15 23:00,2013,12,15,23,271,µg/m³,1 Hr,Valid
PM2.5,2013-12-16 00:00,2013,12,16,0,331,µg/m³,1 Hr,Valid
PM2.5,2013-12-16 01:00,2013,12,16,1,291,µg/m³,1 Hr,Valid
PM2.5,2013-12-16 02:00,2013,12,16,2,262,µg/m³,1 Hr,Valid
PM2.5,2013-12-16 03:00,2013,12,16,3,201,µg/m³,1 Hr,Valid
PM2.5,2013-12-16 04:00,2013,12,16,4,90,µg/m³,1 Hr,Valid
PM2.5,2013-12-16 05:00,2013,12,16,5,73,µg/m³,1 Hr,Valid
PM2.5,2013-12-16 06:00,2013,12,16,6,66,µg/m³,1 Hr,Valid
PM2.5,2013-12-16 07:00,2013,12,16,7,88,µg/m³,1 Hr,Valid
PM2.5,2013-12-16 08:00,2013,12,16,8,82,µg/m³,1 Hr,Valid
PM2.5,2013-12-16 09:00,2013,12,16,9,84,µg/m³,1 Hr,Valid
PM2.5,2013-12-16 10:00,2013,12,16,10,89,µg/m³,1 Hr,Valid
PM2.5,2013-12-16 11:00,2013,12,16,11,117,µg/m³,1 Hr,Valid
PM2.5,2013-12-16 12:00,2013,12,16,12,135,µg/m³,1 Hr,Valid
PM2.5,2013-12-16 13:00,2013,12,16,13,143,µg/m³,1 Hr,Valid
PM2.5,2013-12-16 14:00,2013,12,16,14,156,µg/m³,1 Hr,Valid
PM2.5,2013-12-16 15:00,2013,12,16,15,174,µg/m³,1 Hr,Valid
PM2.5,2013-12-16 16:00,2013,12,16,16,202,µg/m³,1 Hr,Valid
PM2.5,2013-12-16 17:00,2013,12,16,17,194,µg/m³,1 Hr,Valid
PM2.5,2013-12-16 18:00,2013,12,16,18,210,µg/m³,1 Hr,Valid
PM2.5,2013-12-16 19:00,2013,12,16,19,247,µg/m³,1 Hr,Valid
PM2.5,2013-12-16 20:00,2013,12,16,20,284,µg/m³,1 Hr,Valid
PM2.5,2013-12-16 21:00,2013,12,16,21,281,µg/m³,1 Hr,Valid
PM2.5,2013-12-16 22:00,2013,12,16,22,291,µg/m³,1 Hr,Valid
PM2.5,2013-12-16 23:00,2013,12,16,23,310,µg/m³,1 Hr,Valid
PM2.5,2013-12-17 00:00,2013,12,17,0,280,µg/m³,1 Hr,Valid
PM2.5,2013-12-17 01:00,2013,12,17,1,302,µg/m³,1 Hr,Valid
PM2.5,2013-12-17 02:00,2013,12,17,2,259,µg/m³,1 Hr,Valid
PM2.5,2013-12-17 03:00,2013,12,17,3,198,µg/m³,1 Hr,Valid
PM2.5,2013-12-17 04:00,2013,12,17,4,192,µg/m³,1 Hr,Valid
PM2.5,2013-12-17 05:00,2013,12,17,5,127,µg/m³,1 Hr,Valid
PM2.5,2013-12-17 06:00,2013,12,17,6,89,µg/m³,1 Hr,Valid
PM2.5,2013-12-17 07:00,2013,12,17,7,40,µg/m³,1 Hr,Valid
PM2.5,2013-12-17 08:00,2013,12,17,8,24,µg/m³,1 Hr,Valid
PM2.5,2013-12-17 09:00,2013,12,17,9,26,µg/m³,1 Hr,Valid
PM2.5,2013-12-17 10:00,2013,12,17,10,20,µg/m³,1 Hr,Valid
PM2.5,2013-12-17 11:00,2013,12,17,11,19,µg/m³,1 Hr,Valid
PM2.5,2013-12-17 12:00,2013,12,17,12,24,µg/m³,1 Hr,Valid
PM2.5,2013-12-17 13:00,2013,12,17,13,27,µg/m³,1 Hr,Valid
PM2.5,2013-12-17 14:00,2013,12,17,14,30,µg/m³,1 Hr,Valid
PM2.5,2013-12-17 15:00,2013,12,17,15,26,µg/m³,1 Hr,Valid
PM2.5,2013-12-17 16:00,2013,12,17,16,28,µg/m³,1 Hr,Valid
PM2.5,2013-12-17 17:00,2013,12,17,17,39,µg/m³,1 Hr,Valid
PM2.5,2013-12-17 18:00,2013,12,17,18,30,µg/m³,1 Hr,Valid
PM2.5,2013-12-17 19:00,2013,12,17,19,27,µg/m³,1 Hr,Valid
PM2.5,2013-12-17 20:00,2013,12,17,20,17,µg/m³,1 Hr,Valid
PM2.5,2013-12-17 21:00,2013,12,17,21,13,µg/m³,1 Hr,Valid
PM2.5,2013-12-17 22:00,2013,12,17,22,11,µg/m³,1 Hr,Valid
PM2.5,2013-12-17 23:00,2013,12,17,23,12,µg/m³,1 Hr,Valid
PM2.5,2013-12-18 00:00,2013,12,18,0,12,µg/m³,1 Hr,Valid
PM2.5,2013-12-18 01:00,2013,12,18,1,10,µg/m³,1 Hr,Valid
PM2.5,2013-12-18 02:00,2013,12,18,2,11,µg/m³,1 Hr,Valid
PM2.5,2013-12-18 03:00,2013,12,18,3,13,µg/m³,1 Hr,Valid
PM2.5,2013-12-18 04:00,2013,12,18,4,12,µg/m³,1 Hr,Valid
PM2.5,2013-12-18 05:00,2013,12,18,5,12,µg/m³,1 Hr,Valid
PM2.5,2013-12-18 06:00,2013,12,18,6,27,µg/m³,1 Hr,Valid
PM2.5,2013-12-18 07:00,2013,12,18,7,12,µg/m³,1 Hr,Valid
PM2.5,2013-12-18 08:00,2013,12,18,8,19,µg/m³,1 Hr,Valid
PM2.5,2013-12-18 09:00,2013,12,18,9,18,µg/m³,1 Hr,Valid
PM2.5,2013-12-18 10:00,2013,12,18,10,17,µg/m³,1 Hr,Valid
PM2.5,2013-12-18 11:00,2013,12,18,11,19,µg/m³,1 Hr,Valid
PM2.5,2013-12-18 12:00,2013,12,18,12,20,µg/m³,1 Hr,Valid
PM2.5,2013-12-18 13:00,2013,12,18,13,13,µg/m³,1 Hr,Valid
PM2.5,2013-12-18 14:00,2013,12,18,14,55,µg/m³,1 Hr,Valid
PM2.5,2013-12-18 15:00,2013,12,18,15,59,µg/m³,1 Hr,Valid
PM2.5,2013-12-18 16:00,2013,12,18,16,78,µg/m³,1 Hr,Valid
PM2.5,2013-12-18 17:00,2013,12,18,17,91,µg/m³,1 Hr,Valid
PM2.5,2013-12-18 18:00,2013,12,18,18,97,µg/m³,1 Hr,Valid
PM2.5,2013-12-18 19:00,2013,12,18,19,97,µg/m³,1 Hr,Valid
PM2.5,2013-12-18 20:00,2013,12,18,20,123,µg/m³,1 Hr,Valid
PM2.5,2013-12-18 21:00,2013,12,18,21,162,µg/m³,1 Hr,Valid
PM2.5,2013-12-18 22:00,2013,12,18,22,214,µg/m³,1 Hr,Valid
PM2.5,2013-12-18 23:00,2013,12,18,23,160,µg/m³,1 Hr,Valid
PM2.5,2013-12-19 00:00,2013,12,19,0,41,µg/m³,1 Hr,Valid
PM2.5,2013-12-19 01:00,2013,12,19,1,18,µg/m³,1 Hr,Valid
PM2.5,2013-12-19 02:00,2013,12,19,2,11,µg/m³,1 Hr,Valid
PM2.5,2013-12-19 03:00,2013,12,19,3,8,µg/m³,1 Hr,Valid
PM2.5,2013-12-19 04:00,2013,12,19,4,9,µg/m³,1 Hr,Valid
PM2.5,2013-12-19 05:00,2013,12,19,5,8,µg/m³,1 Hr,Valid
PM2.5,2013-12-19 06:00,2013,12,19,6,10,µg/m³,1 Hr,Valid
PM2.5,2013-12-19 07:00,2013,12,19,7,16,µg/m³,1 Hr,Valid
PM2.5,2013-12-19 08:00,2013,12,19,8,23,µg/m³,1 Hr,Valid
PM2.5,2013-12-19 09:00,2013,12,19,9,26,µg/m³,1 Hr,Valid
PM2.5,2013-12-19 10:00,2013,12,19,10,31,µg/m³,1 Hr,Valid
PM2.5,2013-12-19 11:00,2013,12,19,11,31,µg/m³,1 Hr,Valid
PM2.5,2013-12-19 12:00,2013,12,19,12,27,µg/m³,1 Hr,Valid
PM2.5,2013-12-19 13:00,2013,12,19,13,23,µg/m³,1 Hr,Valid
PM2.5,2013-12-19 14:00,2013,12,19,14,27,µg/m³,1 Hr,Valid
PM2.5,2013-12-19 15:00,2013,12,19,15,33,µg/m³,1 Hr,Valid
PM2.5,2013-12-19 16:00,2013,12,19,16,30,µg/m³,1 Hr,Valid
PM2.5,2013-12-19 17:00,2013,12,19,17,43,µg/m³,1 Hr,Valid
PM2.5,2013-12-19 18:00,2013,12,19,18,48,µg/m³,1 Hr,Valid
PM2.5,2013-12-19 19:00,2013,12,19,19,80,µg/m³,1 Hr,Valid
PM2.5,2013-12-19 20:00,2013,12,19,20,93,µg/m³,1 Hr,Valid
PM2.5,2013-12-19 21:00,2013,12,19,21,95,µg/m³,1 Hr,Valid
PM2.5,2013-12-19 22:00,2013,12,19,22,107,µg/m³,1 Hr,Valid
PM2.5,2013-12-19 23:00,2013,12,19,23,152,µg/m³,1 Hr,Valid
PM2.5,2013-12-20 00:00,2013,12,20,0,117,µg/m³,1 Hr,Valid
PM2.5,2013-12-20 01:00,2013,12,20,1,40,µg/m³,1 Hr,Valid
PM2.5,2013-12-20 02:00,2013,12,20,2,23,µg/m³,1 Hr,Valid
PM2.5,2013-12-20 03:00,2013,12,20,3,17,µg/m³,1 Hr,Valid
PM2.5,2013-12-20 04:00,2013,12,20,4,25,µg/m³,1 Hr,Valid
PM2.5,2013-12-20 05:00,2013,12,20,5,29,µg/m³,1 Hr,Valid
PM2.5,2013-12-20 06:00,2013,12,20,6,36,µg/m³,1 Hr,Valid
PM2.5,2013-12-20 07:00,2013,12,20,7,40,µg/m³,1 Hr,Valid
PM2.5,2013-12-20 08:00,2013,12,20,8,24,µg/m³,1 Hr,Valid
PM2.5,2013-12-20 09:00,2013,12,20,9,29,µg/m³,1 Hr,Valid
PM2.5,2013-12-20 10:00,2013,12,20,10,34,µg/m³,1 Hr,Valid
PM2.5,2013-12-20 11:00,2013,12,20,11,17,µg/m³,1 Hr,Valid
PM2.5,2013-12-20 12:00,2013,12,20,12,17,µg/m³,1 Hr,Valid
PM2.5,2013-12-20 13:00,2013,12,20,13,15,µg/m³,1 Hr,Valid
PM2.5,2013-12-20 14:00,2013,12,20,14,20,µg/m³,1 Hr,Valid
PM2.5,2013-12-20 15:00,2013,12,20,15,24,µg/m³,1 Hr,Valid
PM2.5,2013-12-20 16:00,2013,12,20,16,-999,µg/m³,1 Hr,Missing
PM2.5,2013-12-20 17:00,2013,12,20,17,-999,µg/m³,1 Hr,Missing
PM2.5,2013-12-20 18:00,2013,12,20,18,50,µg/m³,1 Hr,Valid
PM2.5,2013-12-20 19:00,2013,12,20,19,57,µg/m³,1 Hr,Valid
PM2.5,2013-12-20 20:00,2013,12,20,20,38,µg/m³,1 Hr,Valid
PM2.5,2013-12-20 21:00,2013,12,20,21,68,µg/m³,1 Hr,Valid
PM2.5,2013-12-20 22:00,2013,12,20,22,46,µg/m³,1 Hr,Valid
PM2.5,2013-12-20 23:00,2013,12,20,23,37,µg/m³,1 Hr,Valid
PM2.5,2013-12-21 00:00,2013,12,21,0,28,µg/m³,1 Hr,Valid
PM2.5,2013-12-21 01:00,2013,12,21,1,22,µg/m³,1 Hr,Valid
PM2.5,2013-12-21 02:00,2013,12,21,2,22,µg/m³,1 Hr,Valid
PM2.5,2013-12-21 03:00,2013,12,21,3,17,µg/m³,1 Hr,Valid
PM2.5,2013-12-21 04:00,2013,12,21,4,21,µg/m³,1 Hr,Valid
PM2.5,2013-12-21 05:00,2013,12,21,5,19,µg/m³,1 Hr,Valid
PM2.5,2013-12-21 06:00,2013,12,21,6,28,µg/m³,1 Hr,Valid
PM2.5,2013-12-21 07:00,2013,12,21,7,26,µg/m³,1 Hr,Valid
PM2.5,2013-12-21 08:00,2013,12,21,8,34,µg/m³,1 Hr,Valid
PM2.5,2013-12-21 09:00,2013,12,21,9,41,µg/m³,1 Hr,Valid
PM2.5,2013-12-21 10:00,2013,12,21,10,42,µg/m³,1 Hr,Valid
PM2.5,2013-12-21 11:00,2013,12,21,11,42,µg/m³,1 Hr,Valid
PM2.5,2013-12-21 12:00,2013,12,21,12,36,µg/m³,1 Hr,Valid
PM2.5,2013-12-21 13:00,2013,12,21,13,34,µg/m³,1 Hr,Valid
PM2.5,2013-12-21 14:00,2013,12,21,14,45,µg/m³,1 Hr,Valid
PM2.5,2013-12-21 15:00,2013,12,21,15,89,µg/m³,1 Hr,Valid
PM2.5,2013-12-21 16:00,2013,12,21,16,121,µg/m³,1 Hr,Valid
PM2.5,2013-12-21 17:00,2013,12,21,17,128,µg/m³,1 Hr,Valid
PM2.5,2013-12-21 18:00,2013,12,21,18,158,µg/m³,1 Hr,Valid
PM2.5,2013-12-21 19:00,2013,12,21,19,242,µg/m³,1 Hr,Valid
PM2.5,2013-12-21 20:00,2013,12,21,20,247,µg/m³,1 Hr,Valid
PM2.5,2013-12-21 21:00,2013,12,21,21,242,µg/m³,1 Hr,Valid
PM2.5,2013-12-21 22:00,2013,12,21,22,240,µg/m³,1 Hr,Valid
PM2.5,2013-12-21 23:00,2013,12,21,23,267,µg/m³,1 Hr,Valid
PM2.5,2013-12-22 00:00,2013,12,22,0,177,µg/m³,1 Hr,Valid
PM2.5,2013-12-22 01:00,2013,12,22,1,148,µg/m³,1 Hr,Valid
PM2.5,2013-12-22 02:00,2013,12,22,2,178,µg/m³,1 Hr,Valid
PM2.5,2013-12-22 03:00,2013,12,22,3,165,µg/m³,1 Hr,Valid
PM2.5,2013-12-22 04:00,2013,12,22,4,155,µg/m³,1 Hr,Valid
PM2.5,2013-12-22 05:00,2013,12,22,5,96,µg/m³,1 Hr,Valid
PM2.5,2013-12-22 06:00,2013,12,22,6,70,µg/m³,1 Hr,Valid
PM2.5,2013-12-22 07:00,2013,12,22,7,62,µg/m³,1 Hr,Valid
PM2.5,2013-12-22 08:00,2013,12,22,8,65,µg/m³,1 Hr,Valid
PM2.5,2013-12-22 09:00,2013,12,22,9,52,µg/m³,1 Hr,Valid
PM2.5,2013-12-22 10:00,2013,12,22,10,80,µg/m³,1 Hr,Valid
PM2.5,2013-12-22 11:00,2013,12,22,11,112,µg/m³,1 Hr,Valid
PM2.5,2013-12-22 12:00,2013,12,22,12,144,µg/m³,1 Hr,Valid
PM2.5,2013-12-22 13:00,2013,12,22,13,139,µg/m³,1 Hr,Valid
PM2.5,2013-12-22 14:00,2013,12,22,14,138,µg/m³,1 Hr,Valid
PM2.5,2013-12-22 15:00,2013,12,22,15,130,µg/m³,1 Hr,Valid
PM2.5,2013-12-22 16:00,2013,12,22,16,118,µg/m³,1 Hr,Valid
PM2.5,2013-12-22 17:00,2013,12,22,17,315,µg/m³,1 Hr,Valid
PM2.5,2013-12-22 18:00,2013,12,22,18,317,µg/m³,1 Hr,Valid
PM2.5,2013-12-22 19:00,2013,12,22,19,325,µg/m³,1 Hr,Valid
PM2.5,2013-12-22 20:00,2013,12,22,20,348,µg/m³,1 Hr,Valid
PM2.5,2013-12-22 21:00,2013,12,22,21,336,µg/m³,1 Hr,Valid
PM2.5,2013-12-22 22:00,2013,12,22,22,334,µg/m³,1 Hr,Valid
PM2.5,2013-12-22 23:00,2013,12,22,23,345,µg/m³,1 Hr,Valid
PM2.5,2013-12-23 00:00,2013,12,23,0,332,µg/m³,1 Hr,Valid
PM2.5,2013-12-23 01:00,2013,12,23,1,337,µg/m³,1 Hr,Valid
PM2.5,2013-12-23 02:00,2013,12,23,2,384,µg/m³,1 Hr,Valid
PM2.5,2013-12-23 03:00,2013,12,23,3,240,µg/m³,1 Hr,Valid
PM2.5,2013-12-23 04:00,2013,12,23,4,139,µg/m³,1 Hr,Valid
PM2.5,2013-12-23 05:00,2013,12,23,5,111,µg/m³,1 Hr,Valid
PM2.5,2013-12-23 06:00,2013,12,23,6,104,µg/m³,1 Hr,Valid
PM2.5,2013-12-23 07:00,2013,12,23,7,124,µg/m³,1 Hr,Valid
PM2.5,2013-12-23 08:00,2013,12,23,8,93,µg/m³,1 Hr,Valid
PM2.5,2013-12-23 09:00,2013,12,23,9,98,µg/m³,1 Hr,Valid
PM2.5,2013-12-23 10:00,2013,12,23,10,66,µg/m³,1 Hr,Valid
PM2.5,2013-12-23 11:00,2013,12,23,11,47,µg/m³,1 Hr,Valid
PM2.5,2013-12-23 12:00,2013,12,23,12,34,µg/m³,1 Hr,Valid
PM2.5,2013-12-23 13:00,2013,12,23,13,36,µg/m³,1 Hr,Valid
PM2.5,2013-12-23 14:00,2013,12,23,14,36,µg/m³,1 Hr,Valid
PM2.5,2013-12-23 15:00,2013,12,23,15,33,µg/m³,1 Hr,Valid
PM2.5,2013-12-23 16:00,2013,12,23,16,29,µg/m³,1 Hr,Valid
PM2.5,2013-12-23 17:00,2013,12,23,17,105,µg/m³,1 Hr,Valid
PM2.5,2013-12-23 18:00,2013,12,23,18,121,µg/m³,1 Hr,Valid
PM2.5,2013-12-23 19:00,2013,12,23,19,168,µg/m³,1 Hr,Valid
PM2.5,2013-12-23 20:00,2013,12,23,20,202,µg/m³,1 Hr,Valid
PM2.5,2013-12-23 21:00,2013,12,23,21,196,µg/m³,1 Hr,Valid
PM2.5,2013-12-23 22:00,2013,12,23,22,216,µg/m³,1 Hr,Valid
PM2.5,2013-12-23 23:00,2013,12,23,23,247,µg/m³,1 Hr,Valid
PM2.5,2013-12-24 00:00,2013,12,24,0,273,µg/m³,1 Hr,Valid
PM2.5,2013-12-24 01:00,2013,12,24,1,334,µg/m³,1 Hr,Valid
PM2.5,2013-12-24 02:00,2013,12,24,2,417,µg/m³,1 Hr,Valid
PM2.5,2013-12-24 03:00,2013,12,24,3,457,µg/m³,1 Hr,Valid
PM2.5,2013-12-24 04:00,2013,12,24,4,426,µg/m³,1 Hr,Valid
PM2.5,2013-12-24 05:00,2013,12,24,5,377,µg/m³,1 Hr,Valid
PM2.5,2013-12-24 06:00,2013,12,24,6,346,µg/m³,1 Hr,Valid
PM2.5,2013-12-24 07:00,2013,12,24,7,332,µg/m³,1 Hr,Valid
PM2.5,2013-12-24 08:00,2013,12,24,8,282,µg/m³,1 Hr,Valid
PM2.5,2013-12-24 09:00,2013,12,24,9,211,µg/m³,1 Hr,Valid
PM2.5,2013-12-24 10:00,2013,12,24,10,201,µg/m³,1 Hr,Valid
PM2.5,2013-12-24 11:00,2013,12,24,11,235,µg/m³,1 Hr,Valid
PM2.5,2013-12-24 12:00,2013,12,24,12,283,µg/m³,1 Hr,Valid
PM2.5,2013-12-24 13:00,2013,12,24,13,313,µg/m³,1 Hr,Valid
PM2.5,2013-12-24 14:00,2013,12,24,14,337,µg/m³,1 Hr,Valid
PM2.5,2013-12-24 15:00,2013,12,24,15,362,µg/m³,1 Hr,Valid
PM2.5,2013-12-24 16:00,2013,12,24,16,333,µg/m³,1 Hr,Valid
PM2.5,2013-12-24 17:00,2013,12,24,17,312,µg/m³,1 Hr,Valid
PM2.5,2013-12-24 18:00,2013,12,24,18,309,µg/m³,1 Hr,Valid
PM2.5,2013-12-24 19:00,2013,12,24,19,332,µg/m³,1 Hr,Valid
PM2.5,2013-12-24 20:00,2013,12,24,20,294,µg/m³,1 Hr,Valid
PM2.5,2013-12-24 21:00,2013,12,24,21,302,µg/m³,1 Hr,Valid
PM2.5,2013-12-24 22:00,2013,12,24,22,267,µg/m³,1 Hr,Valid
PM2.5,2013-12-24 23:00,2013,12,24,23,267,µg/m³,1 Hr,Valid
PM2.5,2013-12-25 00:00,2013,12,25,0,297,µg/m³,1 Hr,Valid
PM2.5,2013-12-25 01:00,2013,12,25,1,329,µg/m³,1 Hr,Valid
PM2.5,2013-12-25 02:00,2013,12,25,2,326,µg/m³,1 Hr,Valid
PM2.5,2013-12-25 03:00,2013,12,25,3,305,µg/m³,1 Hr,Valid
PM2.5,2013-12-25 04:00,2013,12,25,4,281,µg/m³,1 Hr,Valid
PM2.5,2013-12-25 05:00,2013,12,25,5,254,µg/m³,1 Hr,Valid
PM2.5,2013-12-25 06:00,2013,12,25,6,247,µg/m³,1 Hr,Valid
PM2.5,2013-12-25 07:00,2013,12,25,7,265,µg/m³,1 Hr,Valid
PM2.5,2013-12-25 08:00,2013,12,25,8,262,µg/m³,1 Hr,Valid
PM2.5,2013-12-25 09:00,2013,12,25,9,267,µg/m³,1 Hr,Valid
PM2.5,2013-12-25 10:00,2013,12,25,10,282,µg/m³,1 Hr,Valid
PM2.5,2013-12-25 11:00,2013,12,25,11,295,µg/m³,1 Hr,Valid
PM2.5,2013-12-25 12:00,2013,12,25,12,286,µg/m³,1 Hr,Valid
PM2.5,2013-12-25 13:00,2013,12,25,13,84,µg/m³,1 Hr,Valid
PM2.5,2013-12-25 14:00,2013,12,25,14,58,µg/m³,1 Hr,Valid
PM2.5,2013-12-25 15:00,2013,12,25,15,43,µg/m³,1 Hr,Valid
PM2.5,2013-12-25 16:00,2013,12,25,16,36,µg/m³,1 Hr,Valid
PM2.5,2013-12-25 17:00,2013,12,25,17,26,µg/m³,1 Hr,Valid
PM2.5,2013-12-25 18:00,2013,12,25,18,36,µg/m³,1 Hr,Valid
PM2.5,2013-12-25 19:00,2013,12,25,19,32,µg/m³,1 Hr,Valid
PM2.5,2013-12-25 20:00,2013,12,25,20,21,µg/m³,1 Hr,Valid
PM2.5,2013-12-25 21:00,2013,12,25,21,18,µg/m³,1 Hr,Valid
PM2.5,2013-12-25 22:00,2013,12,25,22,20,µg/m³,1 Hr,Valid
PM2.5,2013-12-25 23:00,2013,12,25,23,13,µg/m³,1 Hr,Valid
PM2.5,2013-12-26 00:00,2013,12,26,0,15,µg/m³,1 Hr,Valid
PM2.5,2013-12-26 01:00,2013,12,26,1,11,µg/m³,1 Hr,Valid
PM2.5,2013-12-26 02:00,2013,12,26,2,13,µg/m³,1 Hr,Valid
PM2.5,2013-12-26 03:00,2013,12,26,3,16,µg/m³,1 Hr,Valid
PM2.5,2013-12-26 04:00,2013,12,26,4,13,µg/m³,1 Hr,Valid
PM2.5,2013-12-26 05:00,2013,12,26,5,13,µg/m³,1 Hr,Valid
PM2.5,2013-12-26 06:00,2013,12,26,6,11,µg/m³,1 Hr,Valid
PM2.5,2013-12-26 07:00,2013,12,26,7,18,µg/m³,1 Hr,Valid
PM2.5,2013-12-26 08:00,2013,12,26,8,17,µg/m³,1 Hr,Valid
PM2.5,2013-12-26 09:00,2013,12,26,9,16,µg/m³,1 Hr,Valid
PM2.5,2013-12-26 10:00,2013,12,26,10,16,µg/m³,1 Hr,Valid
PM2.5,2013-12-26 11:00,2013,12,26,11,18,µg/m³,1 Hr,Valid
PM2.5,2013-12-26 12:00,2013,12,26,12,15,µg/m³,1 Hr,Valid
PM2.5,2013-12-26 13:00,2013,12,26,13,14,µg/m³,1 Hr,Valid
PM2.5,2013-12-26 14:00,2013,12,26,14,16,µg/m³,1 Hr,Valid
PM2.5,2013-12-26 15:00,2013,12,26,15,13,µg/m³,1 Hr,Valid
PM2.5,2013-12-26 16:00,2013,12,26,16,11,µg/m³,1 Hr,Valid
PM2.5,2013-12-26 17:00,2013,12,26,17,14,µg/m³,1 Hr,Valid
PM2.5,2013-12-26 18:00,2013,12,26,18,17,µg/m³,1 Hr,Valid
PM2.5,2013-12-26 19:00,2013,12,26,19,16,µg/m³,1 Hr,Valid
PM2.5,2013-12-26 20:00,2013,12,26,20,13,µg/m³,1 Hr,Valid
PM2.5,2013-12-26 21:00,2013,12,26,21,17,µg/m³,1 Hr,Valid
PM2.5,2013-12-26 22:00,2013,12,26,22,15,µg/m³,1 Hr,Valid
PM2.5,2013-12-26 23:00,2013,12,26,23,13,µg/m³,1 Hr,Valid
PM2.5,2013-12-27 00:00,2013,12,27,0,23,µg/m³,1 Hr,Valid
PM2.5,2013-12-27 01:00,2013,12,27,1,16,µg/m³,1 Hr,Valid
PM2.5,2013-12-27 02:00,2013,12,27,2,18,µg/m³,1 Hr,Valid
PM2.5,2013-12-27 03:00,2013,12,27,3,12,µg/m³,1 Hr,Valid
PM2.5,2013-12-27 04:00,2013,12,27,4,16,µg/m³,1 Hr,Valid
PM2.5,2013-12-27 05:00,2013,12,27,5,9,µg/m³,1 Hr,Valid
PM2.5,2013-12-27 06:00,2013,12,27,6,14,µg/m³,1 Hr,Valid
PM2.5,2013-12-27 07:00,2013,12,27,7,18,µg/m³,1 Hr,Valid
PM2.5,2013-12-27 08:00,2013,12,27,8,24,µg/m³,1 Hr,Valid
PM2.5,2013-12-27 09:00,2013,12,27,9,25,µg/m³,1 Hr,Valid
PM2.5,2013-12-27 10:00,2013,12,27,10,21,µg/m³,1 Hr,Valid
PM2.5,2013-12-27 11:00,2013,12,27,11,23,µg/m³,1 Hr,Valid
PM2.5,2013-12-27 12:00,2013,12,27,12,27,µg/m³,1 Hr,Valid
PM2.5,2013-12-27 13:00,2013,12,27,13,18,µg/m³,1 Hr,Valid
PM2.5,2013-12-27 14:00,2013,12,27,14,15,µg/m³,1 Hr,Valid
PM2.5,2013-12-27 15:00,2013,12,27,15,20,µg/m³,1 Hr,Valid
PM2.5,2013-12-27 16:00,2013,12,27,16,27,µg/m³,1 Hr,Valid
PM2.5,2013-12-27 17:00,2013,12,27,17,30,µg/m³,1 Hr,Valid
PM2.5,2013-12-27 18:00,2013,12,27,18,54,µg/m³,1 Hr,Valid
PM2.5,2013-12-27 19:00,2013,12,27,19,64,µg/m³,1 Hr,Valid
PM2.5,2013-12-27 20:00,2013,12,27,20,126,µg/m³,1 Hr,Valid
PM2.5,2013-12-27 21:00,2013,12,27,21,108,µg/m³,1 Hr,Valid
PM2.5,2013-12-27 22:00,2013,12,27,22,45,µg/m³,1 Hr,Valid
PM2.5,2013-12-27 23:00,2013,12,27,23,30,µg/m³,1 Hr,Valid
PM2.5,2013-12-28 00:00,2013,12,28,0,21,µg/m³,1 Hr,Valid
PM2.5,2013-12-28 01:00,2013,12,28,1,14,µg/m³,1 Hr,Valid
PM2.5,2013-12-28 02:00,2013,12,28,2,12,µg/m³,1 Hr,Valid
PM2.5,2013-12-28 03:00,2013,12,28,3,14,µg/m³,1 Hr,Valid
PM2.5,2013-12-28 04:00,2013,12,28,4,17,µg/m³,1 Hr,Valid
PM2.5,2013-12-28 05:00,2013,12,28,5,13,µg/m³,1 Hr,Valid
PM2.5,2013-12-28 06:00,2013,12,28,6,15,µg/m³,1 Hr,Valid
PM2.5,2013-12-28 07:00,2013,12,28,7,17,µg/m³,1 Hr,Valid
PM2.5,2013-12-28 08:00,2013,12,28,8,21,µg/m³,1 Hr,Valid
PM2.5,2013-12-28 09:00,2013,12,28,9,17,µg/m³,1 Hr,Valid
PM2.5,2013-12-28 10:00,2013,12,28,10,14,µg/m³,1 Hr,Valid
PM2.5,2013-12-28 11:00,2013,12,28,11,11,µg/m³,1 Hr,Valid
PM2.5,2013-12-28 12:00,2013,12,28,12,11,µg/m³,1 Hr,Valid
PM2.5,2013-12-28 13:00,2013,12,28,13,15,µg/m³,1 Hr,Valid
PM2.5,2013-12-28 14:00,2013,12,28,14,21,µg/m³,1 Hr,Valid
PM2.5,2013-12-28 15:00,2013,12,28,15,14,µg/m³,1 Hr,Valid
PM2.5,2013-12-28 16:00,2013,12,28,16,20,µg/m³,1 Hr,Valid
PM2.5,2013-12-28 17:00,2013,12,28,17,22,µg/m³,1 Hr,Valid
PM2.5,2013-12-28 18:00,2013,12,28,18,30,µg/m³,1 Hr,Valid
PM2.5,2013-12-28 19:00,2013,12,28,19,-999,µg/m³,1 Hr,Missing
PM2.5,2013-12-28 20:00,2013,12,28,20,38,µg/m³,1 Hr,Valid
PM2.5,2013-12-28 21:00,2013,12,28,21,38,µg/m³,1 Hr,Valid
PM2.5,2013-12-28 22:00,2013,12,28,22,48,µg/m³,1 Hr,Valid
PM2.5,2013-12-28 23:00,2013,12,28,23,58,µg/m³,1 Hr,Valid
PM2.5,2013-12-29 00:00,2013,12,29,0,64,µg/m³,1 Hr,Valid
PM2.5,2013-12-29 01:00,2013,12,29,1,74,µg/m³,1 Hr,Valid
PM2.5,2013-12-29 02:00,2013,12,29,2,77,µg/m³,1 Hr,Valid
PM2.5,2013-12-29 03:00,2013,12,29,3,32,µg/m³,1 Hr,Valid
PM2.5,2013-12-29 04:00,2013,12,29,4,27,µg/m³,1 Hr,Valid
PM2.5,2013-12-29 05:00,2013,12,29,5,24,µg/m³,1 Hr,Valid
PM2.5,2013-12-29 06:00,2013,12,29,6,33,µg/m³,1 Hr,Valid
PM2.5,2013-12-29 07:00,2013,12,29,7,60,µg/m³,1 Hr,Valid
PM2.5,2013-12-29 08:00,2013,12,29,8,77,µg/m³,1 Hr,Valid
PM2.5,2013-12-29 09:00,2013,12,29,9,84,µg/m³,1 Hr,Valid
PM2.5,2013-12-29 10:00,2013,12,29,10,67,µg/m³,1 Hr,Valid
PM2.5,2013-12-29 11:00,2013,12,29,11,59,µg/m³,1 Hr,Valid
PM2.5,2013-12-29 12:00,2013,12,29,12,42,µg/m³,1 Hr,Valid
PM2.5,2013-12-29 13:00,2013,12,29,13,32,µg/m³,1 Hr,Valid
PM2.5,2013-12-29 14:00,2013,12,29,14,44,µg/m³,1 Hr,Valid
PM2.5,2013-12-29 15:00,2013,12,29,15,68,µg/m³,1 Hr,Valid
PM2.5,2013-12-29 16:00,2013,12,29,16,43,µg/m³,1 Hr,Valid
PM2.5,2013-12-29 17:00,2013,12,29,17,-999,µg/m³,1 Hr,Missing
PM2.5,2013-12-29 18:00,2013,12,29,18,-999,µg/m³,1 Hr,Missing
PM2.5,2013-12-29 19:00,2013,12,29,19,-999,µg/m³,1 Hr,Missing
PM2.5,2013-12-29 20:00,2013,12,29,20,-999,µg/m³,1 Hr,Missing
PM2.5,2013-12-29 21:00,2013,12,29,21,-999,µg/m³,1 Hr,Missing
PM2.5,2013-12-29 22:00,2013,12,29,22,-999,µg/m³,1 Hr,Missing
PM2.5,2013-12-29 23:00,2013,12,29,23,-999,µg/m³,1 Hr,Missing
PM2.5,2013-12-30 00:00,2013,12,30,0,-999,µg/m³,1 Hr,Missing
PM2.5,2013-12-30 01:00,2013,12,30,1,-999,µg/m³,1 Hr,Missing
PM2.5,2013-12-30 02:00,2013,12,30,2,-999,µg/m³,1 Hr,Missing
PM2.5,2013-12-30 03:00,2013,12,30,3,-999,µg/m³,1 Hr,Missing
PM2.5,2013-12-30 04:00,2013,12,30,4,-999,µg/m³,1 Hr,Missing
PM2.5,2013-12-30 05:00,2013,12,30,5,-999,µg/m³,1 Hr,Missing
PM2.5,2013-12-30 06:00,2013,12,30,6,-999,µg/m³,1 Hr,Missing
PM2.5,2013-12-30 07:00,2013,12,30,7,-999,µg/m³,1 Hr,Missing
PM2.5,2013-12-30 08:00,2013,12,30,8,-999,µg/m³,1 Hr,Missing
PM2.5,2013-12-30 09:00,2013,12,30,9,-999,µg/m³,1 Hr,Missing
PM2.5,2013-12-30 10:00,2013,12,30,10,34,µg/m³,1 Hr,Valid
PM2.5,2013-12-30 11:00,2013,12,30,11,25,µg/m³,1 Hr,Valid
PM2.5,2013-12-30 12:00,2013,12,30,12,27,µg/m³,1 Hr,Valid
PM2.5,2013-12-30 13:00,2013,12,30,13,25,µg/m³,1 Hr,Valid
PM2.5,2013-12-30 14:00,2013,12,30,14,25,µg/m³,1 Hr,Valid
PM2.5,2013-12-30 15:00,2013,12,30,15,25,µg/m³,1 Hr,Valid
PM2.5,2013-12-30 16:00,2013,12,30,16,25,µg/m³,1 Hr,Valid
PM2.5,2013-12-30 17:00,2013,12,30,17,36,µg/m³,1 Hr,Valid
PM2.5,2013-12-30 18:00,2013,12,30,18,36,µg/m³,1 Hr,Valid
PM2.5,2013-12-30 19:00,2013,12,30,19,64,µg/m³,1 Hr,Valid
PM2.5,2013-12-30 20:00,2013,12,30,20,67,µg/m³,1 Hr,Valid
PM2.5,2013-12-30 21:00,2013,12,30,21,72,µg/m³,1 Hr,Valid
PM2.5,2013-12-30 22:00,2013,12,30,22,88,µg/m³,1 Hr,Valid
PM2.5,2013-12-30 23:00,2013,12,30,23,84,µg/m³,1 Hr,Valid
PM2.5,2013-12-31 00:00,2013,12,31,0,87,µg/m³,1 Hr,Valid
PM2.5,2013-12-31 01:00,2013,12,31,1,107,µg/m³,1 Hr,Valid
PM2.5,2013-12-31 02:00,2013,12,31,2,129,µg/m³,1 Hr,Valid
PM2.5,2013-12-31 03:00,2013,12,31,3,109,µg/m³,1 Hr,Valid
PM2.5,2013-12-31 04:00,2013,12,31,4,113,µg/m³,1 Hr,Valid
PM2.5,2013-12-31 05:00,2013,12,31,5,83,µg/m³,1 Hr,Valid
PM2.5,2013-12-31 06:00,2013,12,31,6,71,µg/m³,1 Hr,Valid
PM2.5,2013-12-31 07:00,2013,12,31,7,61,µg/m³,1 Hr,Valid
PM2.5,2013-12-31 08:00,2013,12,31,8,50,µg/m³,1 Hr,Valid
PM2.5,2013-12-31 09:00,2013,12,31,9,48,µg/m³,1 Hr,Valid
PM2.5,2013-12-31 10:00,2013,12,31,10,41,µg/m³,1 Hr,Valid
PM2.5,2013-12-31 11:00,2013,12,31,11,34,µg/m³,1 Hr,Valid
PM2.5,2013-12-31 12:00,2013,12,31,12,28,µg/m³,1 Hr,Valid
PM2.5,2013-12-31 13:00,2013,12,31,13,22,µg/m³,1 Hr,Valid
PM2.5,2013-12-31 14:00,2013,12,31,14,19,µg/m³,1 Hr,Valid
PM2.5,2013-12-31 15:00,2013,12,31,15,16,µg/m³,1 Hr,Valid
PM2.5,2013-12-31 16:00,2013,12,31,16,21,µg/m³,1 Hr,Valid
PM2.5,2013-12-31 17:00,2013,12,31,17,15,µg/m³,1 Hr,Valid
PM2.5,2013-12-31 18:00,2013,12,31,18,22,µg/m³,1 Hr,Valid
PM2.5,2013-12-31 19:00,2013,12,31,19,18,µg/m³,1 Hr,Valid
PM2.5,2013-12-31 20:00,2013,12,31,20,23,µg/m³,1 Hr,Valid
PM2.5,2013-12-31 21:00,2013,12,31,21,20,µg/m³,1 Hr,Valid
PM2.5,2013-12-31 22:00,2013,12,31,22,23,µg/m³,1 Hr,Valid
PM2.5,2013-12-31 23:00,2013,12,31,23,24,µg/m³,1 Hr,Valid